2024/06/09,05:10:01,19.964,°C,63.951,%RH
2024/06/09,05:30:01,19.839,°C,64.097,%RH
2024/06/09,05:50:01,19.777,°C,63.707,%RH
2024/06/09,06:10:01,19.777,°C,64.478,%RH
2024/06/09,06:30:01,19.652,°C,64.316,%RH
2024/06/09,06:50:01,19.214,°C,64.289,%RH
2024/06/09,07:10:01,18.838,°C,63.687,%RH
2024/06/09,07:30:01,18.526,°C,64.364,%RH
2024/06/09,07:50:01,18.275,°C,64.542,%RH
2024/06/09,08:10:01,18.15,°C,64.92,%RH
2024/06/09,08:30:01,18.025,°C,65.106,%RH
2024/06/09,08:50:01,17.963,°C,65.141,%RH
2024/06/09,09:10:01,17.963,°C,65.333,%RH
2024/06/09,09:30:01,17.963,°C,64.987,%RH
2024/06/09,09:50:01,17.9,°C,65.33,%RH
2024/06/09,10:10:01,17.837,°C,65.863,%RH
2024/06/09,10:30:01,16.586,°C,65.995,%RH
2024/06/09,10:50:01,15.647,°C,72.668,%RH
2024/06/09,11:10:01,16.148,°C,74.121,%RH
2024/06/09,11:30:01,16.461,°C,74.607,%RH
2024/06/09,11:50:01,17.086,°C,74.372,%RH
2024/06/09,12:10:01,17.525,°C,73.874,%RH
2024/06/09,12:30:01,17.587,°C,72.069,%RH
2024/06/09,12:50:01,17.65,°C,72.775,%RH
2024/06/09,13:10:01,17.399,°C,71.616,%RH
2024/06/09,13:30:01,16.836,°C,73.776,%RH
2024/06/09,13:50:01,22.153,°C,68.299,%RH
2024/06/09,14:10:01,18.964,°C,70.086,%RH
2024/06/09,14:30:01,18.463,°C,71.291,%RH
2024/06/09,14:50:01,18.4,°C,72.697,%RH
2024/06/09,15:10:01,18.4,°C,72.105,%RH
2024/06/09,15:30:01,18.338,°C,72.878,%RH
2024/06/09,15:50:01,18.275,°C,72.802,%RH
2024/06/09,16:10:01,18.275,°C,73.355,%RH
2024/06/09,16:30:01,18.213,°C,73.572,%RH
2024/06/09,16:50:01,18.15,°C,73.091,%RH
2024/06/09,17:10:01,18.088,°C,73.052,%RH
2024/06/09,17:30:01,18.025,°C,73.049,%RH
2024/06/09,17:50:01,17.963,°C,73.562,%RH
2024/06/09,18:10:01,17.9,°C,73.265,%RH
2024/06/09,18:30:01,18.463,°C,73.804,%RH
2024/06/09,18:50:01,18.776,°C,72.271,%RH
2024/06/09,19:10:01,19.151,°C,73.286,%RH
2024/06/09,19:30:01,19.276,°C,73.403,%RH
2024/06/09,19:50:01,19.276,°C,73.109,%RH
2024/06/09,20:10:01,19.589,°C,73.162,%RH
2024/06/09,20:30:01,19.714,°C,73.316,%RH
2024/06/09,20:50:01,19.777,°C,72.915,%RH
2024/06/09,21:10:01,19.902,°C,73.363,%RH
2024/06/09,21:30:01,19.902,°C,72.995,%RH
2024/06/09,21:50:01,20.027,°C,73.076,%RH
2024/06/09,22:10:01,20.027,°C,72.117,%RH
2024/06/09,22:30:01,19.964,°C,73.403,%RH
2024/06/09,22:50:01,19.902,°C,73.583,%RH
2024/06/09,23:10:01,19.714,°C,72.616,%RH
2024/06/09,23:30:01,19.527,°C,72.79,%RH
2024/06/09,23:50:01,19.527,°C,72.458,%RH
2024/06/10,00:10:01,19.527,°C,72.606,%RH
2024/06/10,00:30:01,19.464,°C,72.085,%RH
2024/06/10,00:50:01,19.527,°C,72.458,%RH
2024/06/10,01:10:01,19.527,°C,72.717,%RH
2024/06/10,01:30:01,19.527,°C,72.606,%RH
2024/06/10,01:50:01,19.589,°C,72.388,%RH
2024/06/10,02:10:01,19.527,°C,71.866,%RH
2024/06/10,02:30:01,19.527,°C,72.569,%RH
2024/06/10,02:50:01,19.527,°C,72.31,%RH
2024/06/10,03:10:01,19.527,°C,72.347,%RH
2024/06/10,03:30:01,19.527,°C,71.829,%RH
2024/06/10,03:50:01,19.464,°C,71.529,%RH
2024/06/10,04:10:01,19.464,°C,71.789,%RH
2024/06/10,04:30:01,19.464,°C,71.974,%RH
2024/06/10,04:50:01,19.401,°C,71.822,%RH
2024/06/10,05:10:01,19.401,°C,72.304,%RH
2024/06/10,05:30:01,19.339,°C,71.819,%RH
2024/06/10,05:50:01,19.339,°C,72.041,%RH
2024/06/10,06:10:01,19.276,°C,71.445,%RH
2024/06/10,06:30:01,19.214,°C,71.404,%RH
2024/06/10,06:50:01,19.214,°C,70.548,%RH
2024/06/10,07:10:01,19.151,°C,71.215,%RH
2024/06/10,07:30:01,19.151,°C,71.624,%RH
2024/06/10,07:50:01,19.151,°C,71.029,%RH
2024/06/10,08:10:01,19.089,°C,70.092,%RH
2024/06/10,08:30:01,18.901,°C,71.127,%RH
2024/06/10,08:50:01,18.713,°C,71.118,%RH
2024/06/10,09:10:01,18.588,°C,70.216,%RH
2024/06/10,09:30:01,18.526,°C,70.437,%RH
2024/06/10,09:50:01,18.838,°C,69.779,%RH
2024/06/10,10:10:01,18.526,°C,68.522,%RH
2024/06/10,10:30:01,17.086,°C,71.9,%RH
2024/06/10,10:50:01,18.275,°C,72.543,%RH
2024/06/10,11:10:01,18.463,°C,71.291,%RH
2024/06/10,11:30:01,20.715,°C,71.714,%RH
2024/06/10,11:50:01,23.404,°C,57.997,%RH
2024/06/10,12:10:01,23.404,°C,60.441,%RH
2024/06/10,12:30:01,25.092,°C,56.8,%RH
2024/06/10,12:50:01,24.342,°C,49.225,%RH
2024/06/10,13:10:01,21.778,°C,56.107,%RH
2024/06/10,13:30:01,21.09,°C,60.568,%RH
2024/06/10,13:50:01,21.09,°C,52.134,%RH
2024/06/10,14:10:01,20.215,°C,51.369,%RH
2024/06/10,14:30:01,20.152,°C,47.819,%RH
2024/06/10,14:50:01,20.215,°C,48.654,%RH
2024/06/10,15:10:01,20.152,°C,47.153,%RH
2024/06/10,15:30:01,20.09,°C,48.685,%RH
2024/06/10,15:50:01,20.027,°C,49.547,%RH
2024/06/10,16:10:01,19.964,°C,50.776,%RH
2024/06/10,16:30:01,19.902,°C,51.672,%RH
2024/06/10,16:50:01,19.839,°C,53.336,%RH
2024/06/10,17:10:01,19.777,°C,54.142,%RH
2024/06/10,17:30:01,19.714,°C,54.541,%RH
2024/06/10,17:50:01,19.839,°C,55.797,%RH
2024/06/10,18:10:01,20.152,°C,56.701,%RH
2024/06/10,18:30:01,20.34,°C,56.355,%RH
2024/06/10,18:50:01,20.527,°C,56.609,%RH
2024/06/10,19:10:01,20.59,°C,57.57,%RH
2024/06/10,19:30:01,20.527,°C,57.326,%RH
2024/06/10,19:50:01,20.465,°C,56.923,%RH
2024/06/10,20:10:01,20.465,°C,57.481,%RH
2024/06/10,20:30:01,20.465,°C,57.561,%RH
2024/06/10,20:50:01,20.402,°C,57.675,%RH
2024/06/10,21:10:01,20.527,°C,58.399,%RH
2024/06/10,21:30:01,20.715,°C,58.056,%RH
2024/06/10,21:50:01,20.59,°C,57.689,%RH
2024/06/10,22:10:01,20.465,°C,57.72,%RH
2024/06/10,22:30:01,20.652,°C,58.329,%RH
2024/06/10,22:50:01,20.778,°C,58.853,%RH
2024/06/10,23:10:01,20.778,°C,59.326,%RH
2024/06/10,23:30:01,20.903,°C,59.887,%RH
2024/06/10,23:50:01,20.778,°C,60.663,%RH
2024/06/11,00:10:01,20.715,°C,61.245,%RH
2024/06/11,00:30:01,20.652,°C,62.021,%RH
2024/06/11,00:50:01,20.59,°C,63.22,%RH
2024/06/11,01:10:01,20.59,°C,62.6,%RH
2024/06/11,01:30:01,20.59,°C,63.143,%RH
2024/06/11,01:50:01,20.652,°C,62.604,%RH
2024/06/11,02:10:01,20.715,°C,62.103,%RH
2024/06/11,02:30:01,20.715,°C,61.519,%RH
2024/06/11,02:50:01,20.778,°C,61.054,%RH
2024/06/11,03:10:01,20.84,°C,60.511,%RH
2024/06/11,03:30:01,20.84,°C,60.55,%RH
2024/06/11,03:50:01,20.903,°C,60.319,%RH
2024/06/11,04:10:01,20.903,°C,59.611,%RH
2024/06/11,04:30:01,20.965,°C,59.261,%RH
2024/06/11,04:50:01,20.965,°C,59.813,%RH
2024/06/11,05:10:01,21.028,°C,59.069,%RH
2024/06/11,05:30:01,21.028,°C,59.621,%RH
2024/06/11,05:50:01,21.09,°C,59.665,%RH
2024/06/11,06:10:01,21.09,°C,58.481,%RH
2024/06/11,06:30:01,21.09,°C,58.243,%RH
2024/06/11,06:50:01,21.028,°C,57.841,%RH
2024/06/11,07:10:01,20.778,°C,58.219,%RH
2024/06/11,07:30:01,20.527,°C,58.32,%RH
2024/06/11,07:50:01,20.402,°C,58.983,%RH
2024/06/11,08:10:01,20.277,°C,59.566,%RH
2024/06/11,08:30:01,20.152,°C,58.886,%RH
2024/06/11,08:50:01,20.09,°C,58.723,%RH
2024/06/11,09:10:01,20.09,°C,59.079,%RH
2024/06/11,09:30:01,19.902,°C,58.354,%RH
2024/06/11,09:50:01,19.839,°C,58.23,%RH
2024/06/11,10:10:01,19.777,°C,56.913,%RH
2024/06/11,10:30:01,19.714,°C,57.267,%RH
2024/06/11,10:50:01,19.714,°C,57.387,%RH
2024/06/11,11:10:01,19.714,°C,55.948,%RH
2024/06/11,11:30:01,19.839,°C,55.637,%RH
2024/06/11,11:50:01,19.964,°C,56.167,%RH
2024/06/11,12:10:01,20.027,°C,55.45,%RH
2024/06/11,12:30:01,20.027,°C,56.571,%RH
2024/06/11,12:50:01,20.09,°C,56.176,%RH
2024/06/11,13:10:01,20.152,°C,55.98,%RH
2024/06/11,13:30:01,20.152,°C,55.86,%RH
2024/06/11,13:50:01,20.09,°C,55.695,%RH
2024/06/11,14:10:01,20.09,°C,55.374,%RH
2024/06/11,14:30:01,20.09,°C,55.293,%RH
2024/06/11,14:50:01,20.09,°C,55.334,%RH
2024/06/11,15:10:01,20.215,°C,57.024,%RH
2024/06/11,15:30:01,20.215,°C,59.364,%RH
2024/06/11,15:50:01,20.215,°C,60.348,%RH
2024/06/11,16:10:01,20.152,°C,61.245,%RH
2024/06/11,16:30:01,20.09,°C,61.67,%RH
2024/06/11,16:50:01,20.09,°C,62.215,%RH
2024/06/11,17:10:01,20.027,°C,63.027,%RH
2024/06/11,17:30:01,20.465,°C,64.446,%RH
2024/06/11,17:50:01,20.965,°C,64.096,%RH
2024/06/11,18:10:01,21.09,°C,63.912,%RH
2024/06/11,18:30:01,21.215,°C,64.729,%RH
2024/06/11,18:50:01,21.278,°C,64.388,%RH
2024/06/11,19:10:01,21.591,°C,64.718,%RH
2024/06/11,19:30:01,21.653,°C,64.8,%RH
2024/06/11,19:50:01,21.716,°C,64.343,%RH
2024/06/11,20:10:01,21.716,°C,64.228,%RH
2024/06/11,20:30:01,21.841,°C,64.391,%RH
2024/06/11,20:50:01,21.778,°C,64.694,%RH
2024/06/11,21:10:01,22.028,°C,64.828,%RH
2024/06/11,21:30:01,22.028,°C,64.598,%RH
2024/06/11,21:50:01,22.028,°C,64.636,%RH
2024/06/11,22:10:01,22.153,°C,64.415,%RH
2024/06/11,22:30:01,21.966,°C,63.9,%RH
2024/06/11,22:50:01,21.528,°C,65.901,%RH
2024/06/11,23:10:01,21.153,°C,65.415,%RH
2024/06/11,23:30:01,20.965,°C,65.746,%RH
2024/06/11,23:50:01,20.778,°C,66.42,%RH
2024/06/12,00:10:01,20.652,°C,66.83,%RH
2024/06/12,00:30:01,20.527,°C,67.732,%RH
2024/06/12,00:50:01,20.402,°C,67.762,%RH
2024/06/12,01:10:01,20.34,°C,68.4,%RH
2024/06/12,01:30:01,20.215,°C,68.279,%RH
2024/06/12,01:50:01,20.09,°C,68.611,%RH
2024/06/12,02:10:01,20.09,°C,68.912,%RH
2024/06/12,02:30:01,20.027,°C,68.908,%RH
2024/06/12,02:50:01,19.964,°C,69.355,%RH
2024/06/12,03:10:01,19.964,°C,69.58,%RH
2024/06/12,03:30:01,19.902,°C,69.502,%RH
2024/06/12,03:50:01,19.839,°C,69.498,%RH
2024/06/12,04:10:01,19.839,°C,70.359,%RH
2024/06/12,04:30:01,19.777,°C,69.494,%RH
2024/06/12,04:50:01,19.777,°C,68.705,%RH
2024/06/12,05:10:01,19.714,°C,70.762,%RH
2024/06/12,05:30:01,19.714,°C,70.538,%RH
2024/06/12,05:50:01,19.652,°C,69.974,%RH
2024/06/12,06:10:01,19.652,°C,70.348,%RH
2024/06/12,06:30:01,19.652,°C,70.385,%RH
2024/06/12,06:50:01,19.589,°C,71.016,%RH
2024/06/12,07:10:01,19.589,°C,70.792,%RH
2024/06/12,07:30:01,19.589,°C,70.978,%RH
2024/06/12,07:50:01,19.589,°C,70.606,%RH
2024/06/12,08:10:01,19.589,°C,71.164,%RH
2024/06/12,08:30:01,19.527,°C,71.458,%RH
2024/06/12,08:50:01,19.464,°C,71.826,%RH
2024/06/12,09:10:01,19.401,°C,71.934,%RH
2024/06/12,09:30:01,19.401,°C,72.23,%RH
2024/06/12,09:50:01,19.464,°C,71.64,%RH
2024/06/12,10:10:01,19.464,°C,71.715,%RH
2024/06/12,10:30:01,19.464,°C,71.715,%RH
2024/06/12,10:50:01,19.464,°C,72.344,%RH
2024/06/12,11:10:01,19.464,°C,72.566,%RH
2024/06/12,11:30:01,19.527,°C,72.458,%RH
2024/06/12,11:50:01,19.589,°C,72.757,%RH
2024/06/12,12:10:01,19.839,°C,72.402,%RH
2024/06/12,12:30:01,19.589,°C,71.721,%RH
2024/06/12,12:50:01,19.527,°C,71.458,%RH
2024/06/12,13:10:01,19.527,°C,72.162,%RH
2024/06/12,13:30:01,19.026,°C,71.84,%RH
2024/06/12,13:50:01,18.4,°C,75.118,%RH
2024/06/12,14:10:01,18.651,°C,76.146,%RH
2024/06/12,14:30:01,19.276,°C,75.813,%RH
2024/06/12,14:50:01,19.464,°C,75.386,%RH
2024/06/12,15:10:01,19.026,°C,76.308,%RH
2024/06/12,15:30:01,18.964,°C,76.051,%RH
2024/06/12,15:50:01,19.026,°C,75.655,%RH
2024/06/12,16:10:01,18.651,°C,76.073,%RH
2024/06/12,16:30:01,17.9,°C,77.019,%RH
2024/06/12,16:50:01,18.588,°C,77.227,%RH
2024/06/12,17:10:01,19.276,°C,76.825,%RH
2024/06/12,17:30:01,19.339,°C,76.612,%RH
2024/06/12,17:50:01,19.401,°C,76.687,%RH
2024/06/12,18:10:01,19.401,°C,77.012,%RH
2024/06/12,18:30:01,19.464,°C,76.906,%RH
2024/06/12,18:50:01,19.777,°C,76.453,%RH
2024/06/12,19:10:01,20.277,°C,76.155,%RH
2024/06/12,19:30:01,20.527,°C,75.626,%RH
2024/06/12,19:50:01,20.778,°C,77.409,%RH
2024/06/12,20:10:01,20.903,°C,75.103,%RH
2024/06/12,20:30:01,21.153,°C,75.191,%RH
2024/06/12,20:50:01,21.09,°C,75.042,%RH
2024/06/12,21:10:01,21.09,°C,74.459,%RH
2024/06/12,21:30:01,21.028,°C,75.038,%RH
2024/06/12,21:50:01,21.153,°C,74.426,%RH
2024/06/12,22:10:01,20.965,°C,73.903,%RH
2024/06/12,22:30:01,20.778,°C,73.635,%RH
2024/06/12,22:50:01,20.715,°C,72.638,%RH
2024/06/12,23:10:01,20.715,°C,74.107,%RH
2024/06/12,23:30:01,20.715,°C,72.675,%RH
2024/06/12,23:50:01,20.715,°C,72.527,%RH
2024/06/13,00:10:01,20.652,°C,73.002,%RH
2024/06/13,00:30:01,20.652,°C,72.708,%RH
2024/06/13,00:50:01,20.59,°C,72.113,%RH
2024/06/13,01:10:01,20.59,°C,73.072,%RH
2024/06/13,01:30:01,20.527,°C,72.22,%RH
2024/06/13,01:50:01,20.527,°C,71.924,%RH
2024/06/13,02:10:01,20.402,°C,72.102,%RH
2024/06/13,02:30:01,20.465,°C,71.772,%RH
2024/06/13,02:50:01,20.402,°C,71.249,%RH
2024/06/13,03:10:01,20.402,°C,71.732,%RH
2024/06/13,03:30:01,20.34,°C,71.728,%RH
2024/06/13,03:50:01,20.34,°C,71.097,%RH
2024/06/13,04:10:01,20.277,°C,71.502,%RH
2024/06/13,04:30:01,20.215,°C,70.717,%RH
2024/06/13,04:50:01,20.152,°C,70.527,%RH
2024/06/13,05:10:01,20.152,°C,70.452,%RH
2024/06/13,05:30:01,20.09,°C,70.598,%RH
2024/06/13,05:50:01,20.027,°C,69.434,%RH
2024/06/13,06:10:01,20.027,°C,70.146,%RH
2024/06/13,06:30:01,20.027,°C,69.846,%RH
2024/06/13,06:50:01,19.964,°C,69.843,%RH
2024/06/13,07:10:01,19.902,°C,69.089,%RH
2024/06/13,07:30:01,19.902,°C,68.599,%RH
2024/06/13,07:50:01,19.714,°C,69.077,%RH
2024/06/13,08:10:01,19.464,°C,68.988,%RH
2024/06/13,08:30:01,19.339,°C,69.018,%RH
2024/06/13,08:50:01,19.214,°C,69.349,%RH
2024/06/13,09:10:01,19.089,°C,68.891,%RH
2024/06/13,09:30:01,19.151,°C,69.796,%RH
2024/06/13,09:50:01,19.151,°C,69.571,%RH
2024/06/13,10:10:01,19.214,°C,69.462,%RH
2024/06/13,10:30:01,19.276,°C,69.278,%RH
2024/06/13,10:50:01,19.276,°C,69.541,%RH
2024/06/13,11:10:01,19.276,°C,69.766,%RH
2024/06/13,11:30:01,19.276,°C,69.503,%RH
2024/06/13,11:50:01,19.276,°C,69.99,%RH
2024/06/13,12:10:01,19.339,°C,69.769,%RH
2024/06/13,12:30:01,19.339,°C,70.031,%RH
2024/06/13,12:50:01,19.401,°C,69.81,%RH
2024/06/13,13:10:01,19.401,°C,69.285,%RH
2024/06/13,13:30:01,19.464,°C,69.664,%RH
2024/06/13,13:50:01,19.527,°C,69.742,%RH
2024/06/13,14:10:01,19.589,°C,69.971,%RH
2024/06/13,14:30:01,19.652,°C,69.674,%RH
2024/06/13,14:50:01,19.714,°C,69.791,%RH
2024/06/13,15:10:01,19.714,°C,69.903,%RH
2024/06/13,15:30:01,19.714,°C,69.228,%RH
2024/06/13,15:50:01,19.714,°C,69.077,%RH
2024/06/13,16:10:01,19.652,°C,69.337,%RH
2024/06/13,16:30:01,19.589,°C,69.07,%RH
2024/06/13,16:50:01,19.589,°C,69.671,%RH
2024/06/13,17:10:01,19.527,°C,69.254,%RH
2024/06/13,17:30:01,19.464,°C,69.176,%RH
2024/06/13,17:50:01,19.401,°C,68.343,%RH
2024/06/13,18:10:01,19.339,°C,68.151,%RH
2024/06/13,18:30:01,19.339,°C,68.679,%RH
2024/06/13,18:50:01,19.464,°C,68.724,%RH
2024/06/13,19:10:01,20.215,°C,68.656,%RH
2024/06/13,19:30:01,20.527,°C,67.846,%RH
2024/06/13,19:50:01,20.715,°C,67.48,%RH
2024/06/13,20:10:01,20.965,°C,67.421,%RH
2024/06/13,20:30:01,20.903,°C,67.189,%RH
2024/06/13,20:50:01,21.153,°C,66.636,%RH
2024/06/13,21:10:01,21.215,°C,66.069,%RH
2024/06/13,21:30:01,20.903,°C,66.543,%RH
2024/06/13,21:50:01,20.402,°C,66.776,%RH
2024/06/13,22:10:01,20.09,°C,67.098,%RH
2024/06/13,22:30:01,19.902,°C,67.01,%RH
2024/06/13,22:50:01,19.714,°C,67.757,%RH
2024/06/13,23:10:01,19.527,°C,67.253,%RH
2024/06/13,23:30:01,19.401,°C,67.321,%RH
2024/06/13,23:50:01,19.276,°C,67.92,%RH
2024/06/14,00:10:01,19.214,°C,67.652,%RH
2024/06/14,00:30:01,19.089,°C,68.59,%RH
2024/06/14,00:50:01,19.026,°C,68.775,%RH
2024/06/14,01:10:01,18.901,°C,68.428,%RH
2024/06/14,01:30:01,18.838,°C,69.554,%RH
2024/06/14,01:50:01,18.776,°C,68.912,%RH
2024/06/14,02:10:01,18.713,°C,68.494,%RH
2024/06/14,02:30:01,18.651,°C,69.469,%RH
2024/06/14,02:50:01,18.588,°C,69.579,%RH
2024/06/14,03:10:01,18.526,°C,69.35,%RH
2024/06/14,03:30:01,18.463,°C,69.46,%RH
2024/06/14,03:50:01,18.4,°C,68.553,%RH
2024/06/14,04:10:01,18.4,°C,68.817,%RH
2024/06/14,04:30:01,18.338,°C,69.228,%RH
2024/06/14,04:50:01,18.275,°C,69.525,%RH
2024/06/14,05:10:01,18.213,°C,69.86,%RH
2024/06/14,05:30:01,18.15,°C,69.331,%RH
2024/06/14,05:50:01,18.088,°C,69.253,%RH
2024/06/14,06:10:01,18.088,°C,69.892,%RH
2024/06/14,06:30:01,18.025,°C,69.175,%RH
2024/06/14,06:50:01,17.963,°C,69.36,%RH
2024/06/14,07:10:01,17.9,°C,69.92,%RH
2024/06/14,07:30:01,17.9,°C,69.395,%RH
2024/06/14,07:50:01,17.837,°C,70.479,%RH
2024/06/14,08:10:01,17.775,°C,70.139,%RH
2024/06/14,08:30:01,17.712,°C,69.874,%RH
2024/06/14,08:50:01,17.65,°C,70.583,%RH
2024/06/14,09:10:01,17.712,°C,70.809,%RH
2024/06/14,09:30:01,17.837,°C,70.03,%RH
2024/06/14,09:50:01,17.837,°C,70.479,%RH
2024/06/14,10:10:01,17.9,°C,71.302,%RH
2024/06/14,10:30:01,17.963,°C,70.559,%RH
2024/06/14,10:50:01,18.025,°C,70.488,%RH
2024/06/14,11:10:01,18.025,°C,71.494,%RH
2024/06/14,11:30:01,18.15,°C,69.97,%RH
2024/06/14,11:50:01,18.213,°C,70.608,%RH
2024/06/14,12:10:01,18.275,°C,70.462,%RH
2024/06/14,12:30:01,18.338,°C,70.241,%RH
2024/06/14,12:50:01,18.526,°C,71.406,%RH
2024/06/14,13:10:01,18.588,°C,70.216,%RH
2024/06/14,13:30:01,20.34,°C,72.172,%RH
2024/06/14,13:50:01,32.027,°C,49.365,%RH
2024/06/14,14:10:01,28.466,°C,49.279,%RH
2024/06/14,14:30:01,26.904,°C,48.822,%RH
2024/06/14,14:50:01,25.279,°C,47.329,%RH
2024/06/14,15:10:01,26.342,°C,45.852,%RH
2024/06/14,15:30:01,22.904,°C,53.951,%RH
2024/06/14,15:50:01,23.717,°C,51.791,%RH
2024/06/14,16:10:01,19.902,°C,57.758,%RH
2024/06/14,16:30:01,24.217,°C,57.792,%RH
2024/06/14,16:50:01,19.902,°C,55.922,%RH
2024/06/14,17:10:01,19.151,°C,57.905,%RH
2024/06/14,17:30:01,18.964,°C,59.476,%RH
2024/06/14,17:50:01,18.901,°C,61.201,%RH
2024/06/14,18:10:01,18.964,°C,61.323,%RH
2024/06/14,18:30:01,19.527,°C,61.827,%RH
2024/06/14,18:50:01,19.777,°C,62.311,%RH
2024/06/14,19:10:01,19.839,°C,62.082,%RH
2024/06/14,19:30:01,20.152,°C,63.113,%RH
2024/06/14,19:50:01,20.527,°C,62.789,%RH
2024/06/14,20:10:01,20.715,°C,63.268,%RH
2024/06/14,20:30:01,20.903,°C,63.203,%RH
2024/06/14,20:50:01,21.09,°C,63.526,%RH
2024/06/14,21:10:01,21.153,°C,63.028,%RH
2024/06/14,21:30:01,21.278,°C,63.308,%RH
2024/06/14,21:50:01,21.403,°C,63.472,%RH
2024/06/14,22:10:01,21.403,°C,63.819,%RH
2024/06/14,22:30:01,20.903,°C,63.165,%RH
2024/06/14,22:50:01,20.402,°C,64.019,%RH
2024/06/14,23:10:01,20.027,°C,63.916,%RH
2024/06/14,23:30:01,19.714,°C,63.51,%RH
2024/06/14,23:50:01,19.464,°C,63.88,%RH
2024/06/15,00:10:01,19.214,°C,63.98,%RH
2024/06/15,00:30:01,19.089,°C,64.397,%RH
2024/06/15,00:50:01,18.964,°C,64.697,%RH
2024/06/15,01:10:01,18.838,°C,64.42,%RH
2024/06/15,01:30:01,18.776,°C,64.648,%RH
2024/06/15,01:50:01,18.713,°C,65.029,%RH
2024/06/15,02:10:01,18.651,°C,64.948,%RH
2024/06/15,02:30:01,18.588,°C,65.367,%RH
2024/06/15,02:50:01,18.526,°C,65.133,%RH
2024/06/15,03:10:01,18.463,°C,65.475,%RH
2024/06/15,03:30:01,18.4,°C,65.51,%RH
2024/06/15,03:50:01,18.338,°C,65.391,%RH
2024/06/15,04:10:01,18.338,°C,65.851,%RH
2024/06/15,04:30:01,18.275,°C,65.848,%RH
2024/06/15,04:50:01,18.213,°C,65.73,%RH
2024/06/15,05:10:01,18.15,°C,65.918,%RH
2024/06/15,05:30:01,18.15,°C,66.109,%RH
2024/06/15,05:50:01,18.088,°C,66.182,%RH
2024/06/15,06:10:01,18.088,°C,66.22,%RH
2024/06/15,06:30:01,18.025,°C,66.217,%RH
2024/06/15,06:50:01,18.025,°C,66.637,%RH
2024/06/15,07:10:01,17.963,°C,66.367,%RH
2024/06/15,07:30:01,17.963,°C,65.87,%RH
2024/06/15,07:50:01,17.963,°C,66.328,%RH
2024/06/15,08:10:01,17.9,°C,66.516,%RH
2024/06/15,08:30:01,18.088,°C,67.743,%RH
2024/06/15,08:50:01,18.088,°C,67.249,%RH
2024/06/15,09:10:01,18.088,°C,66.793,%RH
2024/06/15,09:30:01,18.088,°C,67.363,%RH
2024/06/15,09:50:01,18.15,°C,67.252,%RH
2024/06/15,10:10:01,18.15,°C,67.556,%RH
2024/06/15,10:30:01,18.213,°C,67.673,%RH
2024/06/15,10:50:01,18.213,°C,67.635,%RH
2024/06/15,11:10:01,18.338,°C,67.718,%RH
2024/06/15,11:30:01,18.338,°C,67.262,%RH
2024/06/15,11:50:01,18.338,°C,68.096,%RH
2024/06/15,12:10:01,18.4,°C,67.948,%RH
2024/06/15,12:30:01,18.4,°C,67.759,%RH
2024/06/15,12:50:01,18.526,°C,68.371,%RH
2024/06/15,13:10:01,18.526,°C,67.652,%RH
2024/06/15,13:30:01,18.651,°C,68.075,%RH
2024/06/15,13:50:01,18.713,°C,68.04,%RH
2024/06/15,14:10:01,18.776,°C,67.438,%RH
2024/06/15,14:30:01,18.776,°C,68.119,%RH
2024/06/15,14:50:01,18.776,°C,68.308,%RH
2024/06/15,15:10:01,18.776,°C,67.892,%RH
2024/06/15,15:30:01,18.838,°C,67.517,%RH
2024/06/15,15:50:01,18.776,°C,68.308,%RH
2024/06/15,16:10:01,18.776,°C,67.627,%RH
2024/06/15,16:30:01,18.713,°C,68.418,%RH
2024/06/15,16:50:01,18.651,°C,68.491,%RH
2024/06/15,17:10:01,18.588,°C,69.015,%RH
2024/06/15,17:30:01,18.588,°C,68.261,%RH
2024/06/15,17:50:01,18.526,°C,68.823,%RH
2024/06/15,18:10:01,18.588,°C,68.789,%RH
2024/06/15,18:30:01,18.588,°C,69.241,%RH
2024/06/15,18:50:01,18.776,°C,69.1,%RH
2024/06/15,19:10:01,19.276,°C,69.541,%RH
2024/06/15,19:30:01,19.652,°C,68.735,%RH
2024/06/15,19:50:01,19.902,°C,68.147,%RH
2024/06/15,20:10:01,20.152,°C,69.179,%RH
2024/06/15,20:30:01,20.215,°C,68.957,%RH
2024/06/15,20:50:01,20.152,°C,69.442,%RH
2024/06/15,21:10:01,20.09,°C,69.1,%RH
2024/06/15,21:30:01,20.09,°C,68.686,%RH
2024/06/15,21:50:01,19.777,°C,67.912,%RH
2024/06/15,22:10:01,19.464,°C,69.063,%RH
2024/06/15,22:30:01,19.214,°C,68.785,%RH
2024/06/15,22:50:01,19.089,°C,69.493,%RH
2024/06/15,23:10:01,18.964,°C,69.373,%RH
2024/06/15,23:30:01,18.838,°C,69.028,%RH
2024/06/15,23:50:01,18.713,°C,69.285,%RH
2024/06/16,00:10:01,18.651,°C,69.845,%RH
2024/06/16,00:30:01,18.588,°C,69.691,%RH
2024/06/16,00:50:01,18.526,°C,69.726,%RH
2024/06/16,01:10:01,18.4,°C,70.393,%RH
2024/06/16,01:30:01,18.4,°C,70.618,%RH
2024/06/16,01:50:01,18.338,°C,70.016,%RH
2024/06/16,02:10:01,18.275,°C,70.275,%RH
2024/06/16,02:30:01,18.213,°C,70.235,%RH
2024/06/16,02:50:01,18.213,°C,70.571,%RH
2024/06/16,03:10:01,18.15,°C,70.419,%RH
2024/06/16,03:30:01,18.088,°C,71.199,%RH
2024/06/16,03:50:01,18.025,°C,70.898,%RH
2024/06/16,04:10:01,18.025,°C,70.824,%RH
2024/06/16,04:30:01,17.963,°C,72.714,%RH
2024/06/16,04:50:01,17.963,°C,70.97,%RH
2024/06/16,05:10:01,17.963,°C,70.709,%RH
2024/06/16,05:30:01,17.9,°C,71.674,%RH
2024/06/16,05:50:01,17.9,°C,71.079,%RH
2024/06/16,06:10:01,17.9,°C,71.153,%RH
2024/06/16,06:30:01,17.837,°C,71.151,%RH
2024/06/16,06:50:01,17.775,°C,71.073,%RH
2024/06/16,07:10:01,17.775,°C,72.04,%RH
2024/06/16,07:30:01,17.712,°C,71.777,%RH
2024/06/16,07:50:01,17.65,°C,71.254,%RH
2024/06/16,08:10:01,17.65,°C,72.738,%RH
2024/06/16,08:30:01,17.587,°C,72.069,%RH
2024/06/16,08:50:01,17.462,°C,72.36,%RH
2024/06/16,09:10:01,17.462,°C,72.027,%RH
2024/06/16,09:30:01,17.525,°C,72.696,%RH
2024/06/16,09:50:01,17.587,°C,71.809,%RH
2024/06/16,10:10:01,17.65,°C,71.923,%RH
2024/06/16,10:30:01,17.587,°C,71.437,%RH
2024/06/16,10:50:01,17.65,°C,72.368,%RH
2024/06/16,11:10:01,17.712,°C,72.111,%RH
2024/06/16,11:30:01,17.775,°C,71.631,%RH
2024/06/16,11:50:01,17.837,°C,72.598,%RH
2024/06/16,12:10:01,17.963,°C,73.267,%RH
2024/06/16,12:30:01,18.025,°C,71.68,%RH
2024/06/16,12:50:01,18.15,°C,71.908,%RH
2024/06/16,13:10:01,18.275,°C,71.58,%RH
2024/06/16,13:30:01,18.463,°C,71.774,%RH
2024/06/16,13:50:01,18.651,°C,71.04,%RH
2024/06/16,14:10:01,18.776,°C,70.599,%RH
2024/06/16,14:30:01,24.154,°C,72.595,%RH
2024/06/16,14:50:01,28.779,°C,51.777,%RH
2024/06/16,15:10:01,31.027,°C,42.061,%RH
2024/06/16,15:30:01,29.903,°C,40.95,%RH
2024/06/16,15:50:01,33.4,°C,36.385,%RH
2024/06/16,16:10:01,26.279,°C,41.624,%RH
2024/06/16,16:30:01,28.029,°C,43.845,%RH
2024/06/16,16:50:01,28.966,°C,38.956,%RH
2024/06/16,17:10:01,22.216,°C,46.873,%RH
2024/06/16,17:30:01,18.213,°C,53.828,%RH
2024/06/16,17:50:01,19.026,°C,56.74,%RH
2024/06/16,18:10:01,19.339,°C,57.679,%RH
2024/06/16,18:30:01,19.464,°C,58.957,%RH
2024/06/16,18:50:01,19.401,°C,59.505,%RH
2024/06/16,19:10:01,19.151,°C,60.865,%RH
2024/06/16,19:30:01,18.964,°C,61.713,%RH
2024/06/16,19:50:01,18.838,°C,61.354,%RH
2024/06/16,20:10:01,18.838,°C,62.329,%RH
2024/06/16,20:30:01,19.276,°C,62.512,%RH
2024/06/16,20:50:01,19.652,°C,64.2,%RH
2024/06/16,21:10:01,19.902,°C,63.676,%RH
2024/06/16,21:30:01,19.964,°C,63.989,%RH
2024/06/16,21:50:01,19.902,°C,63.831,%RH
2024/06/16,22:10:01,19.777,°C,64.247,%RH
2024/06/16,22:30:01,19.401,°C,65.185,%RH
2024/06/16,22:50:01,19.214,°C,64.751,%RH
2024/06/16,23:10:01,19.026,°C,65.737,%RH
2024/06/16,23:30:01,18.901,°C,64.463,%RH
2024/06/16,23:50:01,18.776,°C,65.646,%RH
2024/06/17,00:10:01,18.713,°C,65.374,%RH
2024/06/17,00:30:01,18.651,°C,65.639,%RH
2024/06/17,00:50:01,18.526,°C,66.167,%RH
2024/06/17,01:10:01,18.463,°C,66.431,%RH
2024/06/17,01:30:01,18.4,°C,66.466,%RH
2024/06/17,01:50:01,18.338,°C,67.148,%RH
2024/06/17,02:10:01,18.275,°C,67.297,%RH
2024/06/17,02:30:01,18.213,°C,66.799,%RH
2024/06/17,02:50:01,18.15,°C,66.758,%RH
2024/06/17,03:10:01,18.15,°C,66.834,%RH
2024/06/17,03:30:01,18.15,°C,66.758,%RH
2024/06/17,03:50:01,18.15,°C,66.643,%RH
2024/06/17,04:10:01,18.15,°C,67.822,%RH
2024/06/17,04:30:01,18.15,°C,67.746,%RH
2024/06/17,04:50:01,18.15,°C,67.518,%RH
2024/06/17,05:10:01,18.15,°C,67.252,%RH
2024/06/17,05:30:01,18.15,°C,67.518,%RH
2024/06/17,05:50:01,18.213,°C,68.241,%RH
2024/06/17,06:10:01,18.213,°C,67.37,%RH
2024/06/17,06:30:01,18.275,°C,67.942,%RH
2024/06/17,06:50:01,18.275,°C,66.802,%RH
2024/06/17,07:10:01,18.338,°C,67.528,%RH
2024/06/17,07:30:01,18.338,°C,67.186,%RH
2024/06/17,07:50:01,18.338,°C,67.072,%RH
2024/06/17,08:10:01,18.338,°C,66.92,%RH
2024/06/17,08:30:01,18.4,°C,66.733,%RH
2024/06/17,08:50:01,18.463,°C,66.584,%RH
2024/06/17,09:10:01,18.526,°C,66.129,%RH
2024/06/17,09:30:01,18.526,°C,66.435,%RH
2024/06/17,09:50:01,18.588,°C,66.743,%RH
2024/06/17,10:10:01,18.901,°C,66.188,%RH
2024/06/17,10:30:01,23.029,°C,54.969,%RH
2024/06/17,10:50:01,23.029,°C,40.873,%RH
2024/06/17,11:10:01,22.529,°C,41.508,%RH
2024/06/17,11:30:01,26.654,°C,33.704,%RH
2024/06/17,11:50:01,25.342,°C,42.463,%RH
2024/06/17,12:10:01,22.153,°C,45.488,%RH
2024/06/17,12:30:01,20.34,°C,47.876,%RH
2024/06/17,12:50:01,19.839,°C,49.944,%RH
2024/06/17,13:10:01,19.652,°C,52.102,%RH
2024/06/17,13:30:01,19.464,°C,52.618,%RH
2024/06/17,13:50:01,19.339,°C,54.796,%RH
2024/06/17,14:10:01,19.339,°C,55.6,%RH
2024/06/17,14:30:01,19.276,°C,55.315,%RH
2024/06/17,14:50:01,19.339,°C,56.642,%RH
2024/06/17,15:10:01,19.401,°C,57.126,%RH
2024/06/17,15:30:01,19.401,°C,57.444,%RH
2024/06/17,15:50:01,19.401,°C,58.517,%RH
2024/06/17,16:10:01,19.401,°C,58.913,%RH
2024/06/17,16:30:01,19.276,°C,59.418,%RH
2024/06/17,16:50:01,19.276,°C,60.009,%RH
2024/06/17,17:10:01,19.276,°C,60.324,%RH
2024/06/17,17:30:01,19.276,°C,59.457,%RH
2024/06/17,17:50:01,19.276,°C,59.733,%RH
2024/06/17,18:10:01,19.276,°C,59.733,%RH
2024/06/17,18:30:01,19.276,°C,61.225,%RH
2024/06/17,18:50:01,19.777,°C,61.532,%RH
2024/06/17,19:10:01,20.027,°C,60.61,%RH
2024/06/17,19:30:01,20.402,°C,61.536,%RH
2024/06/17,19:50:01,20.652,°C,61.28,%RH
2024/06/17,20:10:01,20.778,°C,62.263,%RH
2024/06/17,20:30:01,20.903,°C,62.039,%RH
2024/06/17,20:50:01,21.153,°C,62.679,%RH
2024/06/17,21:10:01,21.215,°C,61.75,%RH
2024/06/17,21:30:01,21.215,°C,62.606,%RH
2024/06/17,21:50:01,21.09,°C,61.975,%RH
2024/06/17,22:10:01,20.84,°C,62.501,%RH
2024/06/17,22:30:01,20.465,°C,62.319,%RH
2024/06/17,22:50:01,20.277,°C,62.889,%RH
2024/06/17,23:10:01,20.09,°C,63.534,%RH
2024/06/17,23:30:01,19.964,°C,63.758,%RH
2024/06/17,23:50:01,19.839,°C,63.75,%RH
2024/06/18,00:10:01,19.714,°C,64.397,%RH
2024/06/18,00:30:01,19.652,°C,63.969,%RH
2024/06/18,00:50:01,19.589,°C,64.659,%RH
2024/06/18,01:10:01,19.527,°C,65.077,%RH
2024/06/18,01:30:01,19.464,°C,65.15,%RH
2024/06/18,01:50:01,19.401,°C,65.338,%RH
2024/06/18,02:10:01,19.401,°C,65.989,%RH
2024/06/18,02:30:01,19.339,°C,65.564,%RH
2024/06/18,02:50:01,19.339,°C,66.252,%RH
2024/06/18,03:10:01,19.276,°C,66.325,%RH
2024/06/18,03:30:01,19.276,°C,65.866,%RH
2024/06/18,03:50:01,19.276,°C,66.363,%RH
2024/06/18,04:10:01,19.276,°C,66.934,%RH
2024/06/18,04:30:01,19.214,°C,67.273,%RH
2024/06/18,04:50:01,19.151,°C,67.459,%RH
2024/06/18,05:10:01,19.151,°C,67.913,%RH
2024/06/18,05:30:01,19.089,°C,68.061,%RH
2024/06/18,05:50:01,19.089,°C,68.099,%RH
2024/06/18,06:10:01,19.026,°C,67.906,%RH
2024/06/18,06:30:01,19.026,°C,68.322,%RH
2024/06/18,06:50:01,18.964,°C,69.298,%RH
2024/06/18,07:10:01,18.901,°C,69.182,%RH
2024/06/18,07:30:01,18.901,°C,69.37,%RH
2024/06/18,07:50:01,18.838,°C,69.742,%RH
2024/06/18,08:10:01,18.776,°C,69.963,%RH
2024/06/18,08:30:01,18.713,°C,70.334,%RH
2024/06/18,08:50:01,18.713,°C,70.857,%RH
2024/06/18,09:10:01,18.588,°C,71.26,%RH
2024/06/18,09:30:01,23.779,°C,73.923,%RH
2024/06/18,09:50:01,20.465,°C,65.406,%RH
2024/06/18,10:10:01,18.776,°C,69.326,%RH
2024/06/18,10:30:01,18.713,°C,69.735,%RH
2024/06/18,10:50:01,18.776,°C,69.476,%RH
2024/06/18,11:10:01,18.776,°C,69.739,%RH
2024/06/18,11:30:01,18.776,°C,69.926,%RH
2024/06/18,11:50:01,19.339,°C,70.33,%RH
2024/06/18,12:10:01,19.026,°C,69.902,%RH
2024/06/18,12:30:01,18.901,°C,69.257,%RH
2024/06/18,12:50:01,18.901,°C,71.202,%RH
2024/06/18,13:10:01,18.901,°C,70.792,%RH
2024/06/18,13:30:01,18.838,°C,69.929,%RH
2024/06/18,13:50:01,18.776,°C,70.263,%RH
2024/06/18,14:10:01,18.776,°C,71.307,%RH
2024/06/18,14:30:01,18.713,°C,70.334,%RH
2024/06/18,14:50:01,18.776,°C,70.524,%RH
2024/06/18,15:10:01,18.713,°C,70.633,%RH
2024/06/18,15:30:01,18.651,°C,70.481,%RH
2024/06/18,15:50:01,18.651,°C,70.369,%RH
2024/06/18,16:10:01,18.588,°C,70.925,%RH
2024/06/18,16:30:01,18.526,°C,70.848,%RH
2024/06/18,16:50:01,18.713,°C,71.564,%RH
2024/06/18,17:10:01,18.651,°C,71.487,%RH
2024/06/18,17:30:01,18.588,°C,70.925,%RH
2024/06/18,17:50:01,18.526,°C,71.889,%RH
2024/06/18,18:10:01,18.526,°C,71.703,%RH
2024/06/18,18:30:01,18.526,°C,71.555,%RH
2024/06/18,18:50:01,19.026,°C,72.025,%RH
2024/06/18,19:10:01,19.652,°C,71.91,%RH
2024/06/18,19:30:01,19.964,°C,70.776,%RH
2024/06/18,19:50:01,20.09,°C,71.044,%RH
2024/06/18,20:10:01,20.152,°C,70.303,%RH
2024/06/18,20:30:01,20.59,°C,71.335,%RH
2024/06/18,20:50:01,20.965,°C,70.018,%RH
2024/06/18,21:10:01,20.652,°C,69.623,%RH
2024/06/18,21:30:01,20.84,°C,70.308,%RH
2024/06/18,21:50:01,21.028,°C,70.209,%RH
2024/06/18,22:10:01,21.028,°C,69.31,%RH
2024/06/18,22:30:01,20.84,°C,70.196,%RH
2024/06/18,22:50:01,20.903,°C,70.201,%RH
2024/06/18,23:10:01,20.84,°C,70.57,%RH
2024/06/18,23:30:01,20.465,°C,71.81,%RH
2024/06/18,23:50:01,20.09,°C,71.602,%RH
2024/06/19,00:10:01,19.839,°C,72.439,%RH
2024/06/19,00:30:01,19.589,°C,72.462,%RH
2024/06/19,00:50:01,19.464,°C,72.307,%RH
2024/06/19,01:10:01,19.401,°C,72.451,%RH
2024/06/19,01:30:01,19.276,°C,73.035,%RH
2024/06/19,01:50:01,19.214,°C,72.958,%RH
2024/06/19,02:10:01,19.151,°C,73.102,%RH
2024/06/19,02:30:01,19.089,°C,73.173,%RH
2024/06/19,02:50:01,19.026,°C,73.169,%RH
2024/06/19,03:10:01,18.964,°C,74.011,%RH
2024/06/19,03:30:01,18.964,°C,73.461,%RH
2024/06/19,03:50:01,18.901,°C,72.795,%RH
2024/06/19,04:10:01,18.838,°C,72.348,%RH
2024/06/19,04:30:01,18.838,°C,74.042,%RH
2024/06/19,04:50:01,18.776,°C,72.862,%RH
2024/06/19,05:10:01,18.776,°C,73.709,%RH
2024/06/19,05:30:01,18.713,°C,73.632,%RH
2024/06/19,05:50:01,18.713,°C,73.889,%RH
2024/06/19,06:10:01,18.651,°C,74.472,%RH
2024/06/19,06:30:01,18.588,°C,73.773,%RH
2024/06/19,06:50:01,18.526,°C,73.99,%RH
2024/06/19,07:10:01,18.526,°C,74.576,%RH
2024/06/19,07:30:01,18.463,°C,74.244,%RH
2024/06/19,07:50:01,18.4,°C,74.424,%RH
2024/06/19,08:10:01,18.4,°C,74.424,%RH
2024/06/19,08:30:01,18.338,°C,75.297,%RH
2024/06/19,08:50:01,18.275,°C,74.711,%RH
2024/06/19,09:10:01,18.275,°C,74.382,%RH
2024/06/19,09:30:01,18.275,°C,74.455,%RH
2024/06/19,09:50:01,18.463,°C,74.683,%RH
2024/06/19,10:10:01,18.4,°C,74.643,%RH
2024/06/19,10:30:01,18.4,°C,74.534,%RH
2024/06/19,10:50:01,18.338,°C,74.641,%RH
2024/06/19,11:10:01,18.338,°C,73.945,%RH
2024/06/19,11:30:01,18.463,°C,74.317,%RH
2024/06/19,11:50:01,18.526,°C,74.503,%RH
2024/06/19,12:10:01,18.526,°C,74.027,%RH
2024/06/19,12:30:01,18.588,°C,73.957,%RH
2024/06/19,12:50:01,18.776,°C,74.039,%RH
2024/06/19,13:10:01,18.713,°C,73.632,%RH
2024/06/19,13:30:01,18.338,°C,69.19,%RH
2024/06/19,13:50:01,18.901,°C,57.729,%RH
2024/06/19,14:10:01,20.84,°C,56.592,%RH
2024/06/19,14:30:01,25.217,°C,44.899,%RH
2024/06/19,14:50:01,20.965,°C,46.346,%RH
2024/06/19,15:10:01,26.029,°C,42.023,%RH
2024/06/19,15:30:01,28.591,°C,36.273,%RH
2024/06/19,15:50:01,20.527,°C,47.518,%RH
2024/06/19,16:10:01,21.653,°C,48.981,%RH
2024/06/19,16:30:01,17.712,°C,59.399,%RH
2024/06/19,16:50:01,18.526,°C,59.961,%RH
2024/06/19,17:10:01,18.776,°C,60.252,%RH
2024/06/19,17:30:01,18.776,°C,60.448,%RH
2024/06/19,17:50:01,18.713,°C,61.581,%RH
2024/06/19,18:10:01,19.089,°C,63.393,%RH
2024/06/19,18:30:01,19.714,°C,64.282,%RH
2024/06/19,18:50:01,20.027,°C,64.802,%RH
2024/06/19,19:10:01,19.964,°C,64.529,%RH
2024/06/19,19:30:01,19.902,°C,65.676,%RH
2024/06/19,19:50:01,19.964,°C,66.138,%RH
2024/06/19,20:10:01,19.964,°C,65.871,%RH
2024/06/19,20:30:01,19.964,°C,66.329,%RH
2024/06/19,20:50:01,20.027,°C,65.913,%RH
2024/06/19,21:10:01,20.027,°C,65.798,%RH
2024/06/19,21:30:01,19.964,°C,65.488,%RH
2024/06/19,21:50:01,19.902,°C,66.058,%RH
2024/06/19,22:10:01,19.902,°C,65.867,%RH
2024/06/19,22:30:01,20.152,°C,65.232,%RH
2024/06/19,22:50:01,20.215,°C,64.507,%RH
2024/06/19,23:10:01,19.902,°C,63.985,%RH
2024/06/19,23:30:01,19.401,°C,65.453,%RH
2024/06/19,23:50:01,19.089,°C,64.512,%RH
2024/06/20,00:10:01,18.838,°C,65.036,%RH
2024/06/20,00:30:01,18.651,°C,65.486,%RH
2024/06/20,00:50:01,18.463,°C,66.011,%RH
2024/06/20,01:10:01,18.275,°C,66.612,%RH
2024/06/20,01:30:01,18.15,°C,65.956,%RH
2024/06/20,01:50:01,18.025,°C,66.751,%RH
2024/06/20,02:10:01,17.963,°C,66.443,%RH
2024/06/20,02:30:01,17.837,°C,66.856,%RH
2024/06/20,02:50:01,17.712,°C,67.344,%RH
2024/06/20,03:10:01,17.65,°C,67.113,%RH
2024/06/20,03:30:01,17.525,°C,67.601,%RH
2024/06/20,03:50:01,17.462,°C,67.94,%RH
2024/06/20,04:10:01,17.337,°C,67.972,%RH
2024/06/20,04:30:01,17.274,°C,68.083,%RH
2024/06/20,04:50:01,17.212,°C,67.473,%RH
2024/06/20,05:10:01,17.149,°C,67.925,%RH
2024/06/20,05:30:01,17.024,°C,69.054,%RH
2024/06/20,05:50:01,16.961,°C,69.954,%RH
2024/06/20,06:10:01,16.899,°C,69.538,%RH
2024/06/20,06:30:01,16.836,°C,69.461,%RH
2024/06/20,06:50:01,16.774,°C,68.968,%RH
2024/06/20,07:10:01,16.774,°C,69.194,%RH
2024/06/20,07:30:01,16.711,°C,69.343,%RH
2024/06/20,07:50:01,16.711,°C,69.079,%RH
2024/06/20,08:10:01,16.648,°C,69.152,%RH
2024/06/20,08:30:01,16.711,°C,70.094,%RH
2024/06/20,08:50:01,16.774,°C,70.134,%RH
2024/06/20,09:10:01,16.711,°C,69.907,%RH
2024/06/20,09:30:01,16.774,°C,69.383,%RH
2024/06/20,09:50:01,16.836,°C,69.272,%RH
2024/06/20,10:10:01,16.836,°C,69.046,%RH
2024/06/20,10:30:01,16.899,°C,69.538,%RH
2024/06/20,10:50:01,16.899,°C,68.747,%RH
2024/06/20,11:10:01,16.899,°C,69.388,%RH
2024/06/20,11:30:01,17.024,°C,68.865,%RH
2024/06/20,11:50:01,17.086,°C,70.633,%RH
2024/06/20,12:10:01,17.149,°C,69.248,%RH
2024/06/20,12:30:01,17.212,°C,68.685,%RH
2024/06/20,12:50:01,17.274,°C,68.537,%RH
2024/06/20,13:10:01,17.337,°C,68.69,%RH
2024/06/20,13:30:01,17.399,°C,68.92,%RH
2024/06/20,13:50:01,17.462,°C,68.356,%RH
2024/06/20,14:10:01,17.525,°C,69.001,%RH
2024/06/20,14:30:01,17.525,°C,68.245,%RH
2024/06/20,14:50:01,17.587,°C,68.551,%RH
2024/06/20,15:10:01,17.587,°C,68.4,%RH
2024/06/20,15:30:01,17.587,°C,67.983,%RH
2024/06/20,15:50:01,17.587,°C,68.513,%RH
2024/06/20,16:10:01,17.587,°C,67.794,%RH
2024/06/20,16:30:01,17.587,°C,68.097,%RH
2024/06/20,16:50:01,17.525,°C,68.245,%RH
2024/06/20,17:10:01,17.525,°C,68.245,%RH
2024/06/20,17:30:01,17.462,°C,67.484,%RH
2024/06/20,17:50:01,17.399,°C,67.671,%RH
2024/06/20,18:10:01,17.462,°C,67.636,%RH
2024/06/20,18:30:01,17.525,°C,67.601,%RH
2024/06/20,18:50:01,17.837,°C,67.351,%RH
2024/06/20,19:10:01,18.088,°C,67.211,%RH
2024/06/20,19:30:01,18.213,°C,67.18,%RH
2024/06/20,19:50:01,18.4,°C,67.075,%RH
2024/06/20,20:10:01,18.463,°C,66.164,%RH
2024/06/20,20:30:01,18.526,°C,65.708,%RH
2024/06/20,20:50:01,18.588,°C,66.209,%RH
2024/06/20,21:10:01,18.588,°C,66.438,%RH
2024/06/20,21:30:01,18.588,°C,66.209,%RH
2024/06/20,21:50:01,19.089,°C,66.39,%RH
2024/06/20,22:10:01,19.401,°C,65.683,%RH
2024/06/20,22:30:01,19.652,°C,64.355,%RH
2024/06/20,22:50:01,19.527,°C,65.92,%RH
2024/06/20,23:10:01,19.464,°C,65.035,%RH
2024/06/20,23:30:01,19.026,°C,65.469,%RH
2024/06/20,23:50:01,18.713,°C,65.91,%RH
2024/06/21,00:10:01,18.463,°C,65.935,%RH
2024/06/21,00:30:01,18.275,°C,67.145,%RH
2024/06/21,00:50:01,18.15,°C,66.681,%RH
2024/06/21,01:10:01,18.088,°C,67.363,%RH
2024/06/21,01:30:01,17.963,°C,66.976,%RH
2024/06/21,01:50:01,17.9,°C,67.847,%RH
2024/06/21,02:10:01,17.837,°C,67.692,%RH
2024/06/21,02:30:01,17.837,°C,69.015,%RH
2024/06/21,02:50:01,17.775,°C,67.499,%RH
2024/06/21,03:10:01,17.775,°C,68.371,%RH
2024/06/21,03:30:01,17.712,°C,68.745,%RH
2024/06/21,03:50:01,17.712,°C,68.254,%RH
2024/06/21,04:10:01,17.65,°C,68.78,%RH
2024/06/21,04:30:01,17.65,°C,68.327,%RH
2024/06/21,04:50:01,17.65,°C,68.931,%RH
2024/06/21,05:10:01,17.587,°C,69.192,%RH
2024/06/21,05:30:01,17.587,°C,68.928,%RH
2024/06/21,05:50:01,17.525,°C,69.151,%RH
2024/06/21,06:10:01,17.525,°C,69.264,%RH
2024/06/21,06:30:01,17.525,°C,69.715,%RH
2024/06/21,06:50:01,17.525,°C,69.377,%RH
2024/06/21,07:10:01,17.525,°C,69.828,%RH
2024/06/21,07:30:01,17.525,°C,69.828,%RH
2024/06/21,07:50:01,17.525,°C,70.465,%RH
2024/06/21,08:10:01,17.525,°C,70.091,%RH
2024/06/21,08:30:01,17.462,°C,70.275,%RH
2024/06/21,08:50:01,17.462,°C,70.686,%RH
2024/06/21,09:10:01,17.462,°C,70.05,%RH
2024/06/21,09:30:01,17.525,°C,71.211,%RH
2024/06/21,09:50:01,17.587,°C,70.804,%RH
2024/06/21,10:10:01,17.587,°C,70.692,%RH
2024/06/21,10:30:01,17.587,°C,70.879,%RH
2024/06/21,10:50:01,17.65,°C,70.508,%RH
2024/06/21,11:10:01,17.65,°C,70.508,%RH
2024/06/21,11:30:01,17.837,°C,71.337,%RH
2024/06/21,11:50:01,17.712,°C,71.108,%RH
2024/06/21,12:10:01,17.712,°C,71.182,%RH
2024/06/21,12:30:01,17.712,°C,71.666,%RH
2024/06/21,12:50:01,17.712,°C,70.921,%RH
2024/06/21,13:10:01,17.712,°C,71.48,%RH
2024/06/21,13:30:01,17.712,°C,71.331,%RH
2024/06/21,13:50:01,17.712,°C,71.406,%RH
2024/06/21,14:10:01,17.712,°C,71.443,%RH
2024/06/21,14:30:01,17.712,°C,71.033,%RH
2024/06/21,14:50:01,17.712,°C,71.145,%RH
2024/06/21,15:10:01,17.712,°C,71.777,%RH
2024/06/21,15:30:01,17.712,°C,71.368,%RH
2024/06/21,15:50:01,17.65,°C,71.403,%RH
2024/06/21,16:10:01,17.65,°C,71.142,%RH
2024/06/21,16:30:01,17.837,°C,71.709,%RH
2024/06/21,16:50:01,17.712,°C,72.371,%RH
2024/06/21,17:10:01,17.712,°C,71.517,%RH
2024/06/21,17:30:01,17.712,°C,72.482,%RH
2024/06/21,17:50:01,17.712,°C,72.259,%RH
2024/06/21,18:10:01,17.712,°C,72.111,%RH
2024/06/21,18:30:01,17.775,°C,72.003,%RH
2024/06/21,18:50:01,17.775,°C,72.373,%RH
2024/06/21,19:10:01,17.775,°C,72.336,%RH
2024/06/21,19:30:01,17.775,°C,72.373,%RH
2024/06/21,19:50:01,17.775,°C,72.632,%RH
2024/06/21,20:10:01,17.775,°C,73.001,%RH
2024/06/21,20:30:01,17.837,°C,72.413,%RH
2024/06/21,20:50:01,17.837,°C,72.856,%RH
2024/06/21,21:10:01,17.775,°C,72.817,%RH
2024/06/21,21:30:01,17.712,°C,73.183,%RH
2024/06/21,21:50:01,17.65,°C,73.475,%RH
2024/06/21,22:10:01,17.65,°C,73.512,%RH
2024/06/21,22:30:01,17.587,°C,73.178,%RH
2024/06/21,22:50:01,17.587,°C,73.693,%RH
2024/06/21,23:10:01,17.525,°C,73.544,%RH
2024/06/21,23:30:01,17.525,°C,73.507,%RH
2024/06/21,23:50:01,17.462,°C,73.652,%RH
2024/06/22,00:10:01,17.462,°C,73.468,%RH
2024/06/22,00:30:01,17.462,°C,73.945,%RH
2024/06/22,00:50:01,17.399,°C,74.493,%RH
2024/06/22,01:10:01,17.399,°C,74.456,%RH
2024/06/22,01:30:01,17.337,°C,74.454,%RH
2024/06/22,01:50:01,17.337,°C,73.904,%RH
2024/06/22,02:10:01,17.274,°C,73.938,%RH
2024/06/22,02:30:01,17.212,°C,74.083,%RH
2024/06/22,02:50:01,17.149,°C,74.813,%RH
2024/06/22,03:10:01,17.086,°C,74.481,%RH
2024/06/22,03:30:01,17.024,°C,74.479,%RH
2024/06/22,03:50:01,17.024,°C,74.991,%RH
2024/06/22,04:10:01,16.961,°C,74.11,%RH
2024/06/22,04:30:01,16.899,°C,74.365,%RH
2024/06/22,04:50:01,16.836,°C,74.436,%RH
2024/06/22,05:10:01,16.836,°C,74.985,%RH
2024/06/22,05:30:01,16.836,°C,74.509,%RH
2024/06/22,05:50:01,16.836,°C,74.875,%RH
2024/06/22,06:10:01,16.774,°C,74.544,%RH
2024/06/22,06:30:01,16.774,°C,75.092,%RH
2024/06/22,06:50:01,16.711,°C,74.542,%RH
2024/06/22,07:10:01,16.711,°C,75.163,%RH
2024/06/22,07:30:01,16.648,°C,75.088,%RH
2024/06/22,07:50:01,16.648,°C,75.344,%RH
2024/06/22,08:10:01,16.586,°C,75.378,%RH
2024/06/22,08:30:01,16.586,°C,74.538,%RH
2024/06/22,08:50:01,16.586,°C,75.342,%RH
2024/06/22,09:10:01,16.523,°C,75.194,%RH
2024/06/22,09:30:01,16.586,°C,75.05,%RH
2024/06/22,09:50:01,16.586,°C,75.05,%RH
2024/06/22,10:10:01,16.586,°C,75.086,%RH
2024/06/22,10:30:01,16.711,°C,76.291,%RH
2024/06/22,10:50:01,16.774,°C,75.676,%RH
2024/06/22,11:10:01,16.774,°C,75.275,%RH
2024/06/22,11:30:01,16.836,°C,75.496,%RH
2024/06/22,11:50:01,16.899,°C,76.007,%RH
2024/06/22,12:10:01,16.961,°C,75.9,%RH
2024/06/22,12:30:01,17.086,°C,75.686,%RH
2024/06/22,12:50:01,17.149,°C,75.36,%RH
2024/06/22,13:10:01,17.212,°C,75.545,%RH
2024/06/22,13:30:01,17.274,°C,75.328,%RH
2024/06/22,13:50:01,17.399,°C,75.078,%RH
2024/06/22,14:10:01,17.462,°C,75.226,%RH
2024/06/22,14:30:01,17.587,°C,74.902,%RH
2024/06/22,14:50:01,17.65,°C,74.868,%RH
2024/06/22,15:10:01,17.65,°C,75.014,%RH
2024/06/22,15:30:01,17.712,°C,75.199,%RH
2024/06/22,15:50:01,17.775,°C,74.763,%RH
2024/06/22,16:10:01,17.775,°C,74.873,%RH
2024/06/22,16:30:01,17.775,°C,75.565,%RH
2024/06/22,16:50:01,17.712,°C,75.162,%RH
2024/06/22,17:10:01,17.712,°C,75.417,%RH
2024/06/22,17:30:01,17.775,°C,75.456,%RH
2024/06/22,17:50:01,17.712,°C,75.49,%RH
2024/06/22,18:10:01,17.775,°C,75.492,%RH
2024/06/22,18:30:01,18.025,°C,75.43,%RH
2024/06/22,18:50:01,18.526,°C,75.887,%RH
2024/06/22,19:10:01,18.776,°C,75.244,%RH
2024/06/22,19:30:01,18.964,°C,75.725,%RH
2024/06/22,19:50:01,19.026,°C,75.219,%RH
2024/06/22,20:10:01,19.151,°C,75.915,%RH
2024/06/22,20:30:01,19.276,°C,74.977,%RH
2024/06/22,20:50:01,19.151,°C,74.057,%RH
2024/06/22,21:10:01,19.089,°C,74.274,%RH
2024/06/22,21:30:01,19.214,°C,73.914,%RH
2024/06/22,21:50:01,19.339,°C,73.333,%RH
2024/06/22,22:10:01,19.401,°C,72.857,%RH
2024/06/22,22:30:01,19.589,°C,72.166,%RH
2024/06/22,22:50:01,19.464,°C,71.195,%RH
2024/06/22,23:10:01,19.464,°C,70.561,%RH
2024/06/22,23:30:01,19.401,°C,71.005,%RH
2024/06/22,23:50:01,19.464,°C,70.599,%RH
2024/06/23,00:10:01,19.464,°C,70.15,%RH
2024/06/23,00:30:01,19.589,°C,69.858,%RH
2024/06/23,00:50:01,19.527,°C,69.555,%RH
2024/06/23,01:10:01,19.589,°C,69.521,%RH
2024/06/23,01:30:01,19.589,°C,69.371,%RH
2024/06/23,01:50:01,19.589,°C,69.521,%RH
2024/06/23,02:10:01,19.401,°C,68.57,%RH
2024/06/23,02:30:01,19.339,°C,68.528,%RH
2024/06/23,02:50:01,19.151,°C,68.819,%RH
2024/06/23,03:10:01,19.089,°C,68.854,%RH
2024/06/23,03:30:01,19.026,°C,70.089,%RH
2024/06/23,03:50:01,19.089,°C,69.493,%RH
2024/06/23,04:10:01,19.089,°C,69.605,%RH
2024/06/23,04:30:01,19.151,°C,70.058,%RH
2024/06/23,04:50:01,19.151,°C,69.045,%RH
2024/06/23,05:10:01,19.089,°C,70.055,%RH
2024/06/23,05:30:01,19.214,°C,69.65,%RH
2024/06/23,05:50:01,19.151,°C,69.496,%RH
2024/06/23,06:10:01,19.089,°C,69.004,%RH
2024/06/23,06:30:01,19.214,°C,69.462,%RH
2024/06/23,06:50:01,19.214,°C,69.274,%RH
2024/06/23,07:10:01,19.214,°C,69.162,%RH
2024/06/23,07:30:01,19.151,°C,69.045,%RH
2024/06/23,07:50:01,19.151,°C,68.706,%RH
2024/06/23,08:10:01,19.151,°C,68.895,%RH
2024/06/23,08:30:01,19.151,°C,68.556,%RH
2024/06/23,08:50:01,19.276,°C,69.353,%RH
2024/06/23,09:10:01,19.151,°C,68.367,%RH
2024/06/23,09:30:01,19.026,°C,68.171,%RH
2024/06/23,09:50:01,18.901,°C,69.332,%RH
2024/06/23,10:10:01,18.776,°C,69.326,%RH
2024/06/23,10:30:01,18.713,°C,69.059,%RH
2024/06/23,10:50:01,18.651,°C,68.491,%RH
2024/06/23,11:10:01,18.651,°C,68.377,%RH
2024/06/23,11:30:01,18.588,°C,68.563,%RH
2024/06/23,11:50:01,18.588,°C,68.827,%RH
2024/06/23,12:10:01,18.588,°C,68.525,%RH
2024/06/23,12:30:01,18.651,°C,68.415,%RH
2024/06/23,12:50:01,18.651,°C,68.377,%RH
2024/06/23,13:10:01,18.713,°C,67.775,%RH
2024/06/23,13:30:01,18.776,°C,67.438,%RH
2024/06/23,13:50:01,18.838,°C,67.441,%RH
2024/06/23,14:10:01,18.901,°C,68.013,%RH
2024/06/23,14:30:01,18.964,°C,66.878,%RH
2024/06/23,14:50:01,18.964,°C,66.268,%RH
2024/06/23,15:10:01,18.964,°C,66.23,%RH
2024/06/23,15:30:01,19.026,°C,66.729,%RH
2024/06/23,15:50:01,18.964,°C,67.562,%RH
2024/06/23,16:10:01,19.026,°C,67.148,%RH
2024/06/23,16:30:01,19.026,°C,67.148,%RH
2024/06/23,16:50:01,18.964,°C,67.106,%RH
2024/06/23,17:10:01,18.964,°C,66.916,%RH
2024/06/23,17:30:01,18.901,°C,65.921,%RH
2024/06/23,17:50:01,18.838,°C,66.604,%RH
2024/06/23,18:10:01,19.151,°C,66.241,%RH
2024/06/23,18:30:01,19.589,°C,66.458,%RH
2024/06/23,18:50:01,19.714,°C,66.237,%RH
2024/06/23,19:10:01,19.777,°C,65.744,%RH
2024/06/23,19:30:01,19.839,°C,64.751,%RH
2024/06/23,19:50:01,19.902,°C,65.446,%RH
2024/06/23,20:10:01,19.839,°C,65.595,%RH
2024/06/23,20:30:01,19.902,°C,65.139,%RH
2024/06/23,20:50:01,20.09,°C,65.113,%RH
2024/06/23,21:10:01,20.09,°C,65.688,%RH
2024/06/23,21:30:01,20.09,°C,66.299,%RH
2024/06/23,21:50:01,19.964,°C,65.909,%RH
2024/06/23,22:10:01,19.902,°C,65.943,%RH
2024/06/23,22:30:01,19.839,°C,65.71,%RH
2024/06/23,22:50:01,19.777,°C,65.515,%RH
2024/06/23,23:10:01,19.777,°C,66.317,%RH
2024/06/23,23:30:01,19.777,°C,66.546,%RH
2024/06/23,23:50:01,19.714,°C,66.427,%RH
2024/06/24,00:10:01,19.714,°C,66.846,%RH
2024/06/24,00:30:01,19.714,°C,67.15,%RH
2024/06/24,00:50:01,19.652,°C,66.804,%RH
2024/06/24,01:10:01,19.652,°C,67.374,%RH
2024/06/24,01:30:01,19.589,°C,67.56,%RH
2024/06/24,01:50:01,19.589,°C,67.636,%RH
2024/06/24,02:10:01,19.527,°C,67.708,%RH
2024/06/24,02:30:01,19.527,°C,68.237,%RH
2024/06/24,02:50:01,19.464,°C,67.477,%RH
2024/06/24,03:10:01,19.464,°C,68.272,%RH
2024/06/24,03:30:01,19.401,°C,68.192,%RH
2024/06/24,03:50:01,19.401,°C,67.283,%RH
2024/06/24,04:10:01,19.401,°C,68.192,%RH
2024/06/24,04:30:01,19.401,°C,67.549,%RH
2024/06/24,04:50:01,19.401,°C,67.966,%RH
2024/06/24,05:10:01,19.339,°C,67.621,%RH
2024/06/24,05:30:01,19.339,°C,67.659,%RH
2024/06/24,05:50:01,19.339,°C,68,%RH
2024/06/24,06:10:01,19.339,°C,67.507,%RH
2024/06/24,06:30:01,19.339,°C,68.604,%RH
2024/06/24,06:50:01,19.339,°C,67.697,%RH
2024/06/24,07:10:01,19.339,°C,68.415,%RH
2024/06/24,07:30:01,19.339,°C,68.113,%RH
2024/06/24,07:50:01,19.401,°C,68.645,%RH
2024/06/24,08:10:01,19.214,°C,68.672,%RH
2024/06/24,08:30:01,19.026,°C,68.36,%RH
2024/06/24,08:50:01,18.901,°C,69.332,%RH
2024/06/24,09:10:01,18.838,°C,68.538,%RH
2024/06/24,09:30:01,18.776,°C,68.535,%RH
2024/06/24,09:50:01,18.838,°C,69.442,%RH
2024/06/24,10:10:01,18.838,°C,68.84,%RH
2024/06/24,10:30:01,18.838,°C,68.576,%RH
2024/06/24,10:50:01,18.838,°C,68.953,%RH
2024/06/24,11:10:01,18.838,°C,69.066,%RH
2024/06/24,11:30:01,18.901,°C,68.73,%RH
2024/06/24,11:50:01,18.901,°C,68.655,%RH
2024/06/24,12:10:01,18.964,°C,69.636,%RH
2024/06/24,12:30:01,18.964,°C,69.373,%RH
2024/06/24,12:50:01,18.964,°C,69.749,%RH
2024/06/24,13:10:01,18.964,°C,68.771,%RH
2024/06/24,13:30:01,18.964,°C,69.185,%RH
2024/06/24,13:50:01,18.964,°C,68.997,%RH
2024/06/24,14:10:01,18.964,°C,68.96,%RH
2024/06/24,14:30:01,18.964,°C,69.148,%RH
2024/06/24,14:50:01,18.964,°C,69.336,%RH
2024/06/24,15:10:01,18.964,°C,69.298,%RH
2024/06/24,15:30:01,18.901,°C,68.202,%RH
2024/06/24,15:50:01,18.901,°C,68.466,%RH
2024/06/24,16:10:01,18.838,°C,68.047,%RH
2024/06/24,16:30:01,18.838,°C,68.915,%RH
2024/06/24,16:50:01,18.776,°C,68.761,%RH
2024/06/24,17:10:01,18.776,°C,68.761,%RH
2024/06/24,17:30:01,18.776,°C,68.459,%RH
2024/06/24,17:50:01,18.776,°C,69.213,%RH
2024/06/24,18:10:01,18.776,°C,69.138,%RH
2024/06/24,18:30:01,19.214,°C,69.575,%RH
2024/06/24,18:50:01,19.339,°C,69.056,%RH
2024/06/24,19:10:01,19.401,°C,69.51,%RH
2024/06/24,19:30:01,19.652,°C,69.787,%RH
2024/06/24,19:50:01,19.839,°C,68.897,%RH
2024/06/24,20:10:01,19.464,°C,69.288,%RH
2024/06/24,20:30:01,19.214,°C,69.237,%RH
2024/06/24,20:50:01,18.964,°C,69.148,%RH
2024/06/24,21:10:01,18.838,°C,70.229,%RH
2024/06/24,21:30:01,18.776,°C,69.626,%RH
2024/06/24,21:50:01,18.713,°C,69.923,%RH
2024/06/24,22:10:01,18.838,°C,70.49,%RH
2024/06/24,22:30:01,19.276,°C,71.036,%RH
2024/06/24,22:50:01,19.276,°C,70.7,%RH
2024/06/24,23:10:01,19.089,°C,71.546,%RH
2024/06/24,23:30:01,18.901,°C,70.382,%RH
2024/06/24,23:50:01,18.776,°C,71.381,%RH
2024/06/25,00:10:01,18.651,°C,71.077,%RH
2024/06/25,00:30:01,18.588,°C,71.26,%RH
2024/06/25,00:50:01,18.526,°C,72.333,%RH
2024/06/25,01:10:01,18.463,°C,71.812,%RH
2024/06/25,01:30:01,18.463,°C,71.737,%RH
2024/06/25,01:50:01,18.4,°C,71.957,%RH
2024/06/25,02:10:01,18.4,°C,72.216,%RH
2024/06/25,02:30:01,18.338,°C,71.583,%RH
2024/06/25,02:50:01,18.338,°C,71.806,%RH
2024/06/25,03:10:01,18.275,°C,72.025,%RH
2024/06/25,03:30:01,18.213,°C,71.651,%RH
2024/06/25,03:50:01,18.213,°C,72.577,%RH
2024/06/25,04:10:01,18.15,°C,72.39,%RH
2024/06/25,04:30:01,18.15,°C,71.76,%RH
2024/06/25,04:50:01,18.088,°C,72.572,%RH
2024/06/25,05:10:01,18.088,°C,72.239,%RH
2024/06/25,05:30:01,18.025,°C,72.421,%RH
2024/06/25,05:50:01,18.025,°C,71.791,%RH
2024/06/25,06:10:01,17.963,°C,72.085,%RH
2024/06/25,06:30:01,17.963,°C,70.709,%RH
2024/06/25,06:50:01,17.963,°C,72.048,%RH
2024/06/25,07:10:01,17.9,°C,72.342,%RH
2024/06/25,07:30:01,17.9,°C,72.119,%RH
2024/06/25,07:50:01,17.9,°C,72.045,%RH
2024/06/25,08:10:01,17.9,°C,72.416,%RH
2024/06/25,08:30:01,17.9,°C,71.451,%RH
2024/06/25,08:50:01,17.9,°C,71.748,%RH
2024/06/25,09:10:01,17.837,°C,72.783,%RH
2024/06/25,09:30:01,17.775,°C,72.077,%RH
2024/06/25,09:50:01,17.775,°C,71.557,%RH
2024/06/25,10:10:01,17.775,°C,71.52,%RH
2024/06/25,10:30:01,17.775,°C,71.706,%RH
2024/06/25,10:50:01,17.837,°C,71.151,%RH
2024/06/25,11:10:01,17.9,°C,71.748,%RH
2024/06/25,11:30:01,17.963,°C,71.491,%RH
2024/06/25,11:50:01,17.963,°C,71.268,%RH
2024/06/25,12:10:01,18.025,°C,70.301,%RH
2024/06/25,12:30:01,18.088,°C,70.64,%RH
2024/06/25,12:50:01,18.213,°C,70.982,%RH
2024/06/25,13:10:01,18.338,°C,70.353,%RH
2024/06/25,13:30:01,20.215,°C,63.89,%RH
2024/06/25,13:50:01,16.961,°C,71.97,%RH
2024/06/25,14:10:01,17.149,°C,71.308,%RH
2024/06/25,14:30:01,17.212,°C,72.609,%RH
2024/06/25,14:50:01,17.212,°C,72.683,%RH
2024/06/25,15:10:01,17.212,°C,72.128,%RH
2024/06/25,15:30:01,17.086,°C,73.38,%RH
2024/06/25,15:50:01,17.024,°C,73.377,%RH
2024/06/25,16:10:01,16.711,°C,75.127,%RH
2024/06/25,16:30:01,18.4,°C,71.92,%RH
2024/06/25,16:50:01,18.025,°C,72.31,%RH
2024/06/25,17:10:01,18.15,°C,72.39,%RH
2024/06/25,17:30:01,18.088,°C,71.794,%RH
2024/06/25,17:50:01,17.963,°C,72.603,%RH
2024/06/25,18:10:01,17.837,°C,71.671,%RH
2024/06/25,18:30:01,17.712,°C,71.554,%RH
2024/06/25,18:50:01,17.712,°C,71.182,%RH
2024/06/25,19:10:01,18.463,°C,70.956,%RH
2024/06/25,19:30:01,18.901,°C,70.12,%RH
2024/06/25,19:50:01,19.276,°C,69.803,%RH
2024/06/25,20:10:01,19.464,°C,69.514,%RH
2024/06/25,20:30:01,19.589,°C,68.731,%RH
2024/06/25,20:50:01,19.777,°C,68.855,%RH
2024/06/25,21:10:01,19.714,°C,68.211,%RH
2024/06/25,21:30:01,19.714,°C,68.097,%RH
2024/06/25,21:50:01,19.839,°C,69.085,%RH
2024/06/25,22:10:01,19.839,°C,67.462,%RH
2024/06/25,22:30:01,20.027,°C,67.738,%RH
2024/06/25,22:50:01,20.277,°C,67.375,%RH
2024/06/25,23:10:01,20.152,°C,67.443,%RH
2024/06/25,23:30:01,19.964,°C,67.166,%RH
2024/06/25,23:50:01,19.839,°C,67.386,%RH
2024/06/26,00:10:01,19.839,°C,66.435,%RH
2024/06/26,00:30:01,19.839,°C,68.369,%RH
2024/06/26,00:50:01,19.839,°C,68.897,%RH
2024/06/26,01:10:01,19.839,°C,66.359,%RH
2024/06/26,01:30:01,19.839,°C,67.765,%RH
2024/06/26,01:50:01,19.839,°C,65.977,%RH
2024/06/26,02:10:01,19.777,°C,67.534,%RH
2024/06/26,02:30:01,19.777,°C,66.812,%RH
2024/06/26,02:50:01,19.777,°C,66.164,%RH
2024/06/26,03:10:01,19.777,°C,65.668,%RH
2024/06/26,03:30:01,19.714,°C,66.998,%RH
2024/06/26,03:50:01,19.714,°C,66.046,%RH
2024/06/26,04:10:01,19.777,°C,65.859,%RH
2024/06/26,04:30:01,19.714,°C,65.242,%RH
2024/06/26,04:50:01,19.714,°C,65.204,%RH
2024/06/26,05:10:01,19.714,°C,64.628,%RH
2024/06/26,05:30:01,19.714,°C,65.051,%RH
2024/06/26,05:50:01,19.527,°C,64.847,%RH
2024/06/26,06:10:01,19.214,°C,65.48,%RH
2024/06/26,06:30:01,19.026,°C,65.928,%RH
2024/06/26,06:50:01,18.901,°C,65.462,%RH
2024/06/26,07:10:01,18.776,°C,65.684,%RH
2024/06/26,07:30:01,18.713,°C,66.216,%RH
2024/06/26,07:50:01,18.776,°C,66.829,%RH
2024/06/26,08:10:01,18.526,°C,66.167,%RH
2024/06/26,08:30:01,18.526,°C,67.044,%RH
2024/06/26,08:50:01,18.588,°C,66.705,%RH
2024/06/26,09:10:01,18.588,°C,66.933,%RH
2024/06/26,09:30:01,18.4,°C,66.58,%RH
2024/06/26,09:50:01,18.463,°C,66.736,%RH
2024/06/26,10:10:01,18.463,°C,66.736,%RH
2024/06/26,10:30:01,18.463,°C,66.774,%RH
2024/06/26,10:50:01,18.526,°C,66.663,%RH
2024/06/26,11:10:01,18.463,°C,67.003,%RH
2024/06/26,11:30:01,18.463,°C,66.927,%RH
2024/06/26,11:50:01,18.463,°C,67.117,%RH
2024/06/26,12:10:01,18.463,°C,67.079,%RH
2024/06/26,12:30:01,18.526,°C,66.816,%RH
2024/06/26,12:50:01,18.588,°C,67.161,%RH
2024/06/26,13:10:01,18.838,°C,66.795,%RH
2024/06/26,13:30:01,18.838,°C,67.858,%RH
2024/06/26,13:50:01,18.901,°C,66.608,%RH
2024/06/26,14:10:01,18.964,°C,66.764,%RH
2024/06/26,14:30:01,19.026,°C,66.729,%RH
2024/06/26,14:50:01,19.089,°C,66.199,%RH
2024/06/26,15:10:01,19.089,°C,66.39,%RH
2024/06/26,15:30:01,19.089,°C,67.075,%RH
2024/06/26,15:50:01,19.089,°C,66.733,%RH
2024/06/26,16:10:01,19.089,°C,66.161,%RH
2024/06/26,16:30:01,19.026,°C,66.043,%RH
2024/06/26,16:50:01,19.026,°C,66.272,%RH
2024/06/26,17:10:01,18.964,°C,65.58,%RH
2024/06/26,17:30:01,18.964,°C,66.535,%RH
2024/06/26,17:50:01,18.901,°C,65.768,%RH
2024/06/26,18:10:01,18.838,°C,67.479,%RH
2024/06/26,18:30:01,18.838,°C,66.376,%RH
2024/06/26,18:50:01,19.401,°C,67.776,%RH
2024/06/26,19:10:01,19.777,°C,66.431,%RH
2024/06/26,19:30:01,19.964,°C,67.204,%RH
2024/06/26,19:50:01,20.09,°C,66.07,%RH
2024/06/26,20:10:01,20.215,°C,66.459,%RH
2024/06/26,20:30:01,20.402,°C,66.014,%RH
2024/06/26,20:50:01,20.778,°C,65.121,%RH
2024/06/26,21:10:01,20.715,°C,65.538,%RH
2024/06/26,21:30:01,21.028,°C,65.827,%RH
2024/06/26,21:50:01,20.903,°C,66.352,%RH
2024/06/26,22:10:01,20.59,°C,65.338,%RH
2024/06/26,22:30:01,20.652,°C,65.763,%RH
2024/06/26,22:50:01,20.59,°C,66.408,%RH
2024/06/26,23:10:01,20.34,°C,66.505,%RH
2024/06/26,23:30:01,20.215,°C,67.939,%RH
2024/06/26,23:50:01,20.152,°C,68.69,%RH
2024/06/27,00:10:01,20.09,°C,69.888,%RH
2024/06/27,00:30:01,20.027,°C,69.509,%RH
2024/06/27,00:50:01,20.027,°C,69.547,%RH
2024/06/27,01:10:01,20.027,°C,69.322,%RH
2024/06/27,01:30:01,20.027,°C,69.659,%RH
2024/06/27,01:50:01,19.964,°C,69.918,%RH
2024/06/27,02:10:01,19.964,°C,69.88,%RH
2024/06/27,02:30:01,19.964,°C,70.217,%RH
2024/06/27,02:50:01,19.964,°C,69.768,%RH
2024/06/27,03:10:01,19.964,°C,69.693,%RH
2024/06/27,03:30:01,19.964,°C,69.543,%RH
2024/06/27,03:50:01,19.902,°C,69.802,%RH
2024/06/27,04:10:01,19.902,°C,69.577,%RH
2024/06/27,04:30:01,19.902,°C,69.914,%RH
2024/06/27,04:50:01,19.839,°C,70.097,%RH
2024/06/27,05:10:01,19.839,°C,68.934,%RH
2024/06/27,05:30:01,19.839,°C,68.822,%RH
2024/06/27,05:50:01,19.777,°C,68.063,%RH
2024/06/27,06:10:01,19.777,°C,69.607,%RH
2024/06/27,06:30:01,19.777,°C,69.006,%RH
2024/06/27,06:50:01,19.777,°C,68.705,%RH
2024/06/27,07:10:01,19.777,°C,69.044,%RH
2024/06/27,07:30:01,19.777,°C,68.554,%RH
2024/06/27,07:50:01,19.777,°C,68.252,%RH
2024/06/27,08:10:01,19.714,°C,68.437,%RH
2024/06/27,08:30:01,19.527,°C,69.029,%RH
2024/06/27,08:50:01,19.276,°C,68.147,%RH
2024/06/27,09:10:01,19.151,°C,68.216,%RH
2024/06/27,09:30:01,19.026,°C,68.699,%RH
2024/06/27,09:50:01,19.026,°C,68.247,%RH
2024/06/27,10:10:01,19.026,°C,68.888,%RH
2024/06/27,10:30:01,19.026,°C,69.527,%RH
2024/06/27,10:50:01,19.089,°C,69.155,%RH
2024/06/27,11:10:01,19.151,°C,69.684,%RH
2024/06/27,11:30:01,19.276,°C,69.015,%RH
2024/06/27,11:50:01,19.401,°C,68.796,%RH
2024/06/27,12:10:01,19.527,°C,68.615,%RH
2024/06/27,12:30:01,19.714,°C,68.135,%RH
2024/06/27,12:50:01,19.839,°C,68.784,%RH
2024/06/27,13:10:01,20.027,°C,67.321,%RH
2024/06/27,13:30:01,20.09,°C,67.022,%RH
2024/06/27,13:50:01,20.277,°C,65.814,%RH
2024/06/27,14:10:01,20.527,°C,64.72,%RH
2024/06/27,14:30:01,20.778,°C,63.774,%RH
2024/06/27,14:50:01,20.965,°C,62.355,%RH
2024/06/27,15:10:01,20.903,°C,62.156,%RH
2024/06/27,15:30:01,20.903,°C,61.142,%RH
2024/06/27,15:50:01,20.965,°C,59.97,%RH
2024/06/27,16:10:01,20.965,°C,59.616,%RH
2024/06/27,16:30:01,21.028,°C,58.278,%RH
2024/06/27,16:50:01,20.965,°C,58.273,%RH
2024/06/27,17:10:01,20.903,°C,58.03,%RH
2024/06/27,17:30:01,20.778,°C,57.981,%RH
2024/06/27,17:50:01,20.652,°C,59.317,%RH
2024/06/27,18:10:01,20.527,°C,59.663,%RH
2024/06/27,18:30:01,20.34,°C,60.239,%RH
2024/06/27,18:50:01,20.152,°C,61.284,%RH
2024/06/27,19:10:01,20.09,°C,60.496,%RH
2024/06/27,19:30:01,19.964,°C,61.466,%RH
2024/06/27,19:50:01,19.902,°C,61.462,%RH
2024/06/27,20:10:01,19.839,°C,62.043,%RH
2024/06/27,20:30:01,19.777,°C,62,%RH
2024/06/27,20:50:01,19.652,°C,63.351,%RH
2024/06/27,21:10:01,20.09,°C,62.953,%RH
2024/06/27,21:30:01,20.652,°C,63.573,%RH
2024/06/27,21:50:01,20.903,°C,62.816,%RH
2024/06/27,22:10:01,20.965,°C,64.096,%RH
2024/06/27,22:30:01,20.965,°C,64.25,%RH
2024/06/27,22:50:01,21.34,°C,64.7,%RH
2024/06/27,23:10:01,21.215,°C,63.96,%RH
2024/06/27,23:30:01,21.278,°C,65.424,%RH
2024/06/27,23:50:01,21.215,°C,65.19,%RH
2024/06/28,00:10:01,21.153,°C,65.453,%RH
2024/06/28,00:30:01,21.153,°C,65.989,%RH
2024/06/28,00:50:01,21.09,°C,65.831,%RH
2024/06/28,01:10:01,21.09,°C,65.219,%RH
2024/06/28,01:30:01,21.09,°C,65.64,%RH
2024/06/28,01:50:01,21.09,°C,65.602,%RH
2024/06/28,02:10:01,21.153,°C,65.759,%RH
2024/06/28,02:30:01,21.153,°C,65.453,%RH
2024/06/28,02:50:01,21.153,°C,65.415,%RH
2024/06/28,03:10:01,21.153,°C,64.879,%RH
2024/06/28,03:30:01,21.153,°C,65.032,%RH
2024/06/28,03:50:01,21.153,°C,65.07,%RH
2024/06/28,04:10:01,21.153,°C,65.224,%RH
2024/06/28,04:30:01,21.153,°C,64.687,%RH
2024/06/28,04:50:01,21.153,°C,64.379,%RH
2024/06/28,05:10:01,21.09,°C,64.759,%RH
2024/06/28,05:30:01,21.09,°C,64.528,%RH
2024/06/28,05:50:01,21.028,°C,64.062,%RH
2024/06/28,06:10:01,21.028,°C,63.946,%RH
2024/06/28,06:30:01,21.028,°C,63.792,%RH
2024/06/28,06:50:01,21.028,°C,64.255,%RH
2024/06/28,07:10:01,20.965,°C,63.595,%RH
2024/06/28,07:30:01,20.965,°C,64.019,%RH
2024/06/28,07:50:01,20.59,°C,63.645,%RH
2024/06/28,08:10:01,20.34,°C,63.821,%RH
2024/06/28,08:30:01,20.152,°C,63.886,%RH
2024/06/28,08:50:01,20.09,°C,64.421,%RH
2024/06/28,09:10:01,19.902,°C,63.406,%RH
2024/06/28,09:30:01,19.464,°C,62.213,%RH
2024/06/28,09:50:01,23.842,°C,62.041,%RH
2024/06/28,10:10:01,29.403,°C,39.306,%RH
2024/06/28,10:30:01,34.774,°C,35.014,%RH
2024/06/28,10:50:01,38.081,°C,27.031,%RH
2024/06/28,11:10:01,39.703,°C,23.079,%RH
2024/06/28,11:30:01,42.26,°C,19.379,%RH
2024/06/28,11:50:01,37.894,°C,16.997,%RH
2024/06/28,12:10:01,40.015,°C,15.028,%RH
2024/06/28,12:30:01,39.079,°C,15.032,%RH
2024/06/28,12:50:01,26.154,°C,39.258,%RH
2024/06/28,13:10:01,22.091,°C,43.039,%RH
